{
  "end_utc_ns": 1547733659999999000,
  "flow_dts_us_avg": 2267435.7701168824,
  "flow_dts_us_cdf": {
    "probabilities": [
      0.03445964306592941,
      0.05929684266448021,
      0.10000070929527283,
      0.15000106394290924,
      0.20000141859054565,
      0.2500014901161194,
      0.30000659823417664,
      0.35000693798065186,
      0.4000001847743988,
      0.45000022649765015,
      0.5000008940696716,
      0.5500003695487976,
      0.6000001430511475,
      0.6500004529953003,
      0.7000002264976501,
      0.7500002980232239,
      0.8000003695487976,
      0.8500001430511475,
      0.9000001549720764,
      0.9500002264976501,
      1.0
    ],
    "values": [
      0,
      1,
      27503,
      58339,
      79764,
      101117,
      114008,
      116126,
      136192,
      169588,
      213615,
      284976,
      407793,
      599915,
      912480,
      1465642,
      2344523,
      3692215,
      5581842,
      10935243,
      59972744
    ]
  },
  "flow_dts_us_stdev": 5957102.962866548,
  "flow_duration_us_avg": 4664311.875089143,
  "flow_duration_us_cdf": {
    "probabilities": [
      0.5133451819419861,
      0.5500044226646423,
      0.600000262260437,
      0.6500000953674316,
      0.7000001072883606,
      0.7500001192092896,
      0.8000001311302185,
      0.8500001430511475,
      0.900000274181366,
      0.9500001668930054,
      1.0
    ],
    "values": [
      0,
      113501,
      166545,
      388423,
      705917,
      1276055,
      3032874,
      7501789,
      15028929,
      35822216,
      59999998
    ]
  },
  "flow_duration_us_stdev": 11864131.006094072,
  "pkt_bytes_avg": 437.1419199319966,
  "pkt_bytes_cdf": {
    "probabilities": [
      0.018797054886817932,
      0.17179983854293823,
      0.40434765815734863,
      0.46489712595939636,
      0.5229904055595398,
      0.5503563284873962,
      0.6003426313400269,
      0.650098443031311,
      0.7000275254249573,
      0.7500119805335999,
      0.814578115940094,
      0.8536707758903503,
      0.9142105579376221,
      1.0
    ],
    "values": [
      64,
      68,
      74,
      86,
      98,
      105,
      138,
      206,
      342,
      973,
      1032,
      1442,
      1502,
      1522
    ]
  },
  "pkt_bytes_stdev": 552.3277413538266,
  "pkts_per_flow_avg": 15.509546690793139,
  "pkts_per_flow_cdf": {
    "probabilities": [
      0.4972928464412689,
      0.636547327041626,
      0.6972609758377075,
      0.735319972038269,
      0.7750727534294128,
      0.805307924747467,
      0.8634113073348999,
      0.9056483507156372,
      0.951194167137146,
      1.0
    ],
    "values": [
      1,
      2,
      3,
      4,
      5,
      6,
      9,
      12,
      19,
      6672170
    ]
  },
  "pkts_per_flow_stdev": 2590.8763905734445,
  "start_utc_ns": 1547733600000000000,
  "tcpudp_pkts": 104020653,
  "top_k_flows_bytes_cdf": {
    "probabilities": [
      0.14620238542556763,
      0.15274778008460999,
      0.20022128522396088,
      0.25042784214019775,
      0.3002350628376007,
      0.350186824798584,
      0.4000297486782074,
      0.45003530383110046,
      0.50001060962677,
      0.550004243850708,
      0.6000135540962219,
      0.650000274181366,
      0.7000015377998352,
      0.7500001788139343,
      0.8000016212463379,
      0.8500005006790161,
      0.9000002145767212,
      0.9500001668930054,
      1.0
    ],
    "values": [
      1,
      3,
      45,
      110,
      208,
      377,
      656,
      1129,
      1986,
      3479,
      5981,
      10062,
      16768,
      27939,
      49031,
      102394,
      258901,
      835074,
      6706879
    ]
  },
  "top_k_flows_cdf": {
    "probabilities": [
      0.06414274126291275,
      0.10015209019184113,
      0.15012049674987793,
      0.20000526309013367,
      0.2500354051589966,
      0.3000189960002899,
      0.3500058054924011,
      0.4000069499015808,
      0.4500029683113098,
      0.5000011324882507,
      0.5500069856643677,
      0.6000022292137146,
      0.6500012874603271,
      0.700000524520874,
      0.7500002980232239,
      0.8000001311302185,
      0.850000262260437,
      0.9000001549720764,
      0.9500001668930054,
      1.0
    ],
    "values": [
      1,
      88,
      348,
      839,
      1610,
      2682,
      4106,
      6042,
      8829,
      12877,
      18302,
      26973,
      41886,
      70874,
      141776,
      329331,
      681828,
      1247716,
      2438730,
      6706879
    ]
  },
  "total_flows": 6706879,
  "total_pkts": 104020653,
  "total_symm_flows": 6706879
}
