{
  "end_utc_ns": 0,
  "flow_dts_us_avg": 0.0,
  "flow_dts_us_cdf": {
    "probabilities": [
      1.0
    ],
    "values": [
      0
    ]
  },
  "flow_dts_us_stdev": 0.0,
  "flow_duration_us_avg": 0.0,
  "flow_duration_us_cdf": {
    "probabilities": [
      1.0
    ],
    "values": [
      0
    ]
  },
  "flow_duration_us_stdev": 0.0,
  "pkt_bytes_avg": 465.4159952,
  "pkt_bytes_cdf": {
    "probabilities": [
      0.20531439781188965,
      0.4923163950443268,
      0.5121847987174988,
      0.5572047829627991,
      0.6008864045143127,
      0.6500459909439087,
      0.7000427842140198,
      0.7511911988258362,
      1.0
    ],
    "values": [
      68,
      74,
      82,
      97,
      115,
      213,
      498,
      1262,
      1422
    ]
  },
  "pkt_bytes_stdev": 580.2414426929479,
  "pkts_per_flow_avg": 16.694713785826856,
  "pkts_per_flow_cdf": {
    "probabilities": [
      0.3291129171848297,
      0.4814288020133972,
      0.5650893449783325,
      0.6260451078414917,
      0.6695314645767212,
      0.7087774276733398,
      0.7594091296195984,
      0.8126586079597473,
      0.8549496531486511,
      0.9039385914802551,
      0.9510177373886108,
      1.0
    ],
    "values": [
      1,
      2,
      3,
      4,
      5,
      6,
      8,
      11,
      14,
      21,
      43,
      16365
    ]
  },
  "pkts_per_flow_stdev": 136.41344018471975,
  "start_utc_ns": 0,
  "tcpudp_pkts": 2500000,
  "top_k_flows_bytes_cdf": {
    "probabilities": [
      0.01998966373503208,
      0.05568736419081688,
      0.10049028694629669,
      0.15134136378765106,
      0.20036160945892334,
      0.25198131799697876,
      0.3003174662590027,
      0.35119524598121643,
      0.40067368745803833,
      0.4504169225692749,
      0.5000113844871521,
      0.5500673055648804,
      0.6000185608863831,
      0.6501855850219727,
      0.7000443935394287,
      0.7500134706497192,
      0.8000426292419434,
      0.8500065207481384,
      0.9000001549720764,
      0.950000524520874,
      1.0
    ],
    "values": [
      1,
      4,
      11,
      23,
      39,
      61,
      87,
      124,
      171,
      232,
      308,
      408,
      541,
      730,
      1013,
      1489,
      2326,
      4195,
      9719,
      26571,
      149748
    ]
  },
  "top_k_flows_cdf": {
    "probabilities": [
      0.0065460000187158585,
      0.05167759954929352,
      0.10028719902038574,
      0.15020640194416046,
      0.20017880201339722,
      0.25033441185951233,
      0.30019238591194153,
      0.3501132130622864,
      0.4000127911567688,
      0.45002320408821106,
      0.5000035762786865,
      0.5500475764274597,
      0.60002601146698,
      0.6500192284584045,
      0.7000008225440979,
      0.7500044107437134,
      0.8000012040138245,
      0.8500028252601624,
      0.9000024199485779,
      0.9500008225440979,
      1.0
    ],
    "values": [
      1,
      14,
      46,
      97,
      169,
      272,
      412,
      605,
      869,
      1251,
      1803,
      2615,
      3829,
      5679,
      8447,
      12560,
      18795,
      27854,
      41728,
      67623,
      149748
    ]
  },
  "total_flows": 149748,
  "total_pkts": 2500000,
  "total_symm_flows": 149748
}
