{
  "end_utc_ns": 1704086100157356000,
  "flow_dts_us_avg": 29781995113178.164,
  "flow_dts_us_cdf": {
    "probabilities": [
      0.017596295103430748,
      0.16517001390457153,
      0.272826611995697,
      0.35350972414016724,
      0.4167183041572571,
      0.46709319949150085,
      0.5097491145133972,
      0.5790402889251709,
      0.6069484949111938,
      0.6533163785934448,
      0.7043863534927368,
      0.750916063785553,
      0.8030652403831482,
      0.85000079870224,
      0.9000002145767212,
      0.9500001668930054,
      1.0
    ],
    "values": [
      0,
      1,
      2,
      3,
      4,
      5,
      6,
      8,
      9,
      11,
      14,
      18,
      28,
      16949,
      250270,
      3070402,
      18446740832896942080
    ]
  },
  "flow_dts_us_stdev": 2.0024964368446744e+16,
  "flow_duration_us_avg": 4232322354123.634,
  "flow_duration_us_cdf": {
    "probabilities": [
      0.5943635702133179,
      0.6327810287475586,
      0.6640639305114746,
      0.7120152711868286,
      0.751184344291687,
      0.8035895824432373,
      0.8526242971420288,
      0.9013711214065552,
      0.9500002264976501,
      1.0
    ],
    "values": [
      0,
      1,
      2,
      4,
      7,
      14,
      23,
      38,
      646780,
      18446744073709550
    ]
  },
  "flow_duration_us_stdev": 364528691693177.0,
  "pkt_bytes_avg": 925.782329305826,
  "pkt_bytes_cdf": {
    "probabilities": [
      0.10838720947504044,
      0.36951160430908203,
      0.4471626281738281,
      0.4631386399269104,
      0.5002076029777527,
      0.5606392025947571,
      0.6099312901496887,
      0.6506333351135254,
      0.70004802942276,
      0.7515531778335571,
      0.8025650382041931,
      0.8782728314399719,
      0.9005299210548401,
      0.9501806497573853,
      1.0
    ],
    "values": [
      58,
      64,
      70,
      74,
      79,
      90,
      102,
      126,
      221,
      1182,
      1362,
      1518,
      2922,
      4414,
      23418
    ]
  },
  "pkt_bytes_stdev": 2183.5036694749306,
  "pkts_per_flow_avg": 6.935862490333,
  "pkts_per_flow_cdf": {
    "probabilities": [
      0.5892661809921265,
      0.7811688184738159,
      0.8626348376274109,
      0.9039829969406128,
      0.9524158835411072,
      1.0
    ],
    "values": [
      1,
      2,
      3,
      4,
      7,
      1952361
    ]
  },
  "pkts_per_flow_stdev": 1039.854086547144,
  "start_utc_ns": 1704085200154523000,
  "tcpudp_pkts": 129083316,
  "top_k_flows_bytes_cdf": {
    "probabilities": [
      0.026912299916148186,
      0.05040648207068443,
      0.110889732837677,
      0.15863871574401855,
      0.2025456726551056,
      0.2501060664653778,
      0.300287127494812,
      0.3505438566207886,
      0.4008561670780182,
      0.45042863488197327,
      0.5001462697982788,
      0.550104558467865,
      0.600021243095398,
      0.6500999927520752,
      0.700072169303894,
      0.7500476241111755,
      0.8000040650367737,
      0.8500020503997803,
      0.9000003337860107,
      0.9500001668930054,
      1.0
    ],
    "values": [
      1,
      2,
      5,
      9,
      16,
      32,
      58,
      95,
      143,
      217,
      352,
      571,
      871,
      1203,
      1706,
      2414,
      4245,
      12951,
      137620,
      717250,
      18610997
    ]
  },
  "top_k_flows_cdf": {
    "probabilities": [
      0.01512481365352869,
      0.05563843250274658,
      0.10138954967260361,
      0.15157218277454376,
      0.20087409019470215,
      0.2504376173019409,
      0.3001304268836975,
      0.3500346541404724,
      0.4000656306743622,
      0.4500353932380676,
      0.5000263452529907,
      0.550007164478302,
      0.6000005006790161,
      0.6500003933906555,
      0.7000002264976501,
      0.7500001192092896,
      0.8000001311302185,
      0.8500001430511475,
      0.9000001549720764,
      0.9500001668930054,
      1.0
    ],
    "values": [
      1,
      5,
      14,
      33,
      64,
      118,
      213,
      366,
      649,
      1190,
      2197,
      4103,
      10904,
      46751,
      231829,
      717615,
      1770931,
      3655114,
      6673422,
      12156845,
      18610997
    ]
  },
  "total_flows": 18610997,
  "total_pkts": 129083316,
  "total_symm_flows": 17729844
}
