{
  "end_utc_ns": 1261071079022892000,
  "flow_dts_us_avg": 280996762.9644419,
  "flow_dts_us_cdf": {
    "probabilities": [
      4.898770566796884e-05,
      0.05002344399690628,
      0.10000722855329514,
      0.15000034868717194,
      0.20001213252544403,
      0.25000524520874023,
      0.3000030219554901,
      0.3500101566314697,
      0.40001025795936584,
      0.450001060962677,
      0.5000011920928955,
      0.5500012636184692,
      0.600003719329834,
      0.6500015258789063,
      0.7000016570091248,
      0.7500017285346985,
      0.800001859664917,
      0.8500043153762817,
      0.900002121925354,
      0.9500021934509277,
      1.0
    ],
    "values": [
      3,
      1572,
      7248,
      13989,
      19967,
      26288,
      34111,
      42361,
      48969,
      55535,
      68906,
      88401,
      131802,
      479817,
      3997715,
      521088096,
      652499904,
      808039232,
      1012649280,
      1383247232,
      3840354048
    ]
  },
  "flow_dts_us_stdev": 527552033.2534573,
  "flow_duration_us_avg": 487708295.35669714,
  "flow_duration_us_cdf": {
    "probabilities": [
      0.22982710599899292,
      0.25000134110450745,
      0.30000126361846924,
      0.35000476241111755,
      0.40000107884407043,
      0.4500010013580322,
      0.5000008940696716,
      0.550000786781311,
      0.6000007390975952,
      0.6500006318092346,
      0.700000524520874,
      0.7500004768371582,
      0.8000003695487976,
      0.850000262260437,
      0.9000001549720764,
      0.9500018954277039,
      1.0
    ],
    "values": [
      0,
      5109,
      54838,
      100328,
      158839,
      211982,
      313753,
      509590,
      621693,
      872435,
      2578920,
      22740698,
      1264843922,
      1766935398,
      2418760369,
      3111294041,
      3914544215
    ]
  },
  "flow_duration_us_stdev": 969597306.4672197,
  "pkt_bytes_avg": 655.3089309058075,
  "pkt_bytes_cdf": {
    "probabilities": [
      3.142723653581925e-05,
      0.21645580232143402,
      0.258690744638443,
      0.3669673502445221,
      0.40302082896232605,
      0.46337831020355225,
      0.5033953785896301,
      0.550032913684845,
      0.6002535820007324,
      0.6741483211517334,
      0.8725576996803284,
      0.900587260723114,
      1.0
    ],
    "values": [
      64,
      68,
      72,
      74,
      102,
      143,
      207,
      347,
      954,
      1295,
      1442,
      1514,
      1522
    ]
  },
  "pkt_bytes_stdev": 641.6385942567267,
  "pkts_per_flow_avg": 35.67256975822897,
  "pkts_per_flow_cdf": {
    "probabilities": [
      0.22982710599899292,
      0.2916218340396881,
      0.3820887804031372,
      0.46326184272766113,
      0.5453763008117676,
      0.6192856431007385,
      0.668949544429779,
      0.7150202989578247,
      0.7507478594779968,
      0.8169532418251038,
      0.8528281450271606,
      0.9023752808570862,
      0.9500234723091125,
      1.0
    ],
    "values": [
      1,
      2,
      3,
      4,
      5,
      6,
      7,
      8,
      9,
      12,
      14,
      20,
      42,
      2982813
    ]
  },
  "pkts_per_flow_stdev": 4609.940062593686,
  "start_utc_ns": 1261067164398500000,
  "tcpudp_pkts": 19855388,
  "top_k_flows_bytes_cdf": {
    "probabilities": [
      0.32008272409439087,
      0.36265987157821655,
      0.40060344338417053,
      0.4571000933647156,
      0.500181257724762,
      0.5501341819763184,
      0.6003950238227844,
      0.6501851081848145,
      0.70005863904953,
      0.7500163316726685,
      0.8000046014785767,
      0.8500030636787415,
      0.900002121925354,
      0.9500001668930054,
      1.0
    ],
    "values": [
      1,
      4,
      7,
      12,
      24,
      59,
      126,
      296,
      669,
      1454,
      3441,
      7720,
      18534,
      58649,
      556601
    ]
  },
  "top_k_flows_cdf": {
    "probabilities": [
      0.1502268761396408,
      0.22932012379169464,
      0.25721094012260437,
      0.3019747734069824,
      0.3532867729663849,
      0.40129631757736206,
      0.45086991786956787,
      0.5000719428062439,
      0.5500664710998535,
      0.600002646446228,
      0.6500251889228821,
      0.7000148296356201,
      0.7500015497207642,
      0.8000003695487976,
      0.8500005006790161,
      0.9000005722045898,
      0.9500002861022949,
      1.0
    ],
    "values": [
      1,
      2,
      5,
      11,
      20,
      35,
      70,
      158,
      365,
      786,
      1663,
      3599,
      8272,
      18617,
      43245,
      101975,
      213754,
      556601
    ]
  },
  "total_flows": 556601,
  "total_pkts": 19855388,
  "total_symm_flows": 283361
}
