{
  "end_utc_ns": 1264196414216410000,
  "flow_dts_us_avg": 137324559.9541074,
  "flow_dts_us_cdf": {
    "probabilities": [
      0.0007423412753269076,
      0.050015244632959366,
      0.10012327879667282,
      0.15003247559070587,
      0.20006097853183746,
      0.25003644824028015,
      0.30021077394485474,
      0.35025253891944885,
      0.40122219920158386,
      0.45005765557289124,
      0.5007224678993225,
      0.5500085949897766,
      0.6000106334686279,
      0.6500126123428345,
      0.7000012993812561,
      0.7500033378601074,
      0.800005316734314,
      0.8500072956085205,
      0.900009274482727,
      0.9500112533569336,
      1.0
    ],
    "values": [
      1,
      196,
      310,
      467,
      523,
      567,
      747,
      951,
      1013,
      1031,
      1248,
      2798,
      10254,
      34226,
      1282031,
      11353220,
      30669136,
      57109416,
      127550848,
      360015904,
      9371719680
    ]
  },
  "flow_dts_us_stdev": 705427929.5939305,
  "flow_duration_us_avg": 886853187.5851709,
  "flow_duration_us_cdf": {
    "probabilities": [
      0.6060196161270142,
      0.6500256061553955,
      0.700001060962677,
      0.7502689957618713,
      0.8001347184181213,
      0.8500005006790161,
      0.9000020623207092,
      0.9500036835670471,
      1.0
    ],
    "values": [
      0,
      693,
      1608,
      6086,
      7090,
      79224,
      3600474577,
      9123181226,
      9480173946
    ]
  },
  "flow_duration_us_stdev": 2617333798.812889,
  "pkt_bytes_avg": 760.99607984,
  "pkt_bytes_cdf": {
    "probabilities": [
      2.499999993688107e-07,
      0.06841080635786057,
      0.2813824713230133,
      0.34082719683647156,
      0.3844103217124939,
      0.41301360726356506,
      0.450202614068985,
      0.5209141373634338,
      0.9999401569366455,
      1.0
    ],
    "values": [
      46,
      90,
      111,
      112,
      113,
      115,
      122,
      194,
      1490,
      1518
    ]
  },
  "pkt_bytes_stdev": 681.862706656943,
  "pkts_per_flow_avg": 522.2641194104683,
  "pkts_per_flow_cdf": {
    "probabilities": [
      0.6060196161270142,
      0.6893311738967896,
      0.7311593294143677,
      0.7511777281761169,
      0.8170926570892334,
      0.8810543417930603,
      0.9011145234107971,
      0.9501342177391052,
      1.0
    ],
    "values": [
      1,
      2,
      3,
      4,
      7,
      14,
      24,
      172,
      14017476
    ]
  },
  "pkts_per_flow_stdev": 47588.442123193636,
  "start_utc_ns": 1264186933861930000,
  "tcpudp_pkts": 100000000,
  "top_k_flows_bytes_cdf": {
    "probabilities": [
      0.18615157902240753,
      0.3076113164424896,
      0.3795698881149292,
      0.43983194231987,
      0.4674230217933655,
      0.5050614476203918,
      0.5564313530921936,
      0.6030603051185608,
      0.6534827947616577,
      0.7013165354728699,
      0.7513364553451538,
      0.8006757497787476,
      0.8501903414726257,
      0.9003676772117615,
      0.9500530958175659,
      1.0
    ],
    "values": [
      1,
      2,
      3,
      4,
      5,
      7,
      12,
      19,
      30,
      45,
      67,
      94,
      129,
      184,
      335,
      191474
    ]
  },
  "top_k_flows_cdf": {
    "probabilities": [
      0.1401747614145279,
      0.275881290435791,
      0.31288808584213257,
      0.37401819229125977,
      0.4143249988555908,
      0.4532069265842438,
      0.5039881467819214,
      0.5504130721092224,
      0.6006119251251221,
      0.6501235961914063,
      0.700738251209259,
      0.7505668997764587,
      0.8002179265022278,
      0.8501040935516357,
      0.90003502368927,
      0.9500059485435486,
      1.0
    ],
    "values": [
      1,
      2,
      3,
      5,
      7,
      11,
      20,
      33,
      54,
      86,
      134,
      198,
      289,
      452,
      814,
      2077,
      191474
    ]
  },
  "total_flows": 191474,
  "total_pkts": 100000000,
  "total_symm_flows": 111859
}
